{"cameraMode":{"drawMode":0,"name":"Shaded","section":"Shading Mode"},"sceneLighting":false,"audioPlay":false,"sceneViewState":{"m_AlwaysRefresh":false,"showFog":true,"showSkybox":false,"showFlares":true,"showImageEffects":true,"showParticleSystems":true,"showVisualEffectGraphs":true,"m_FxEnabled":true},"in2DMode":false,"pivot":{"x":0.5285000205039978,"y":0.027153022587299348,"z":0.20010000467300416},"rotation":{"x":0.07186006754636765,"y":0.9069563746452332,"z":-0.17076127231121064,"w":0.37879303097724917},"size":0.4009217917919159,"orthographic":true}