{"cameraMode":{"drawMode":0,"name":"Shaded","section":"Shading Mode"},"sceneLighting":false,"audioPlay":false,"sceneViewState":{"m_AlwaysRefresh":false,"showFog":true,"showSkybox":false,"showFlares":true,"showImageEffects":true,"showParticleSystems":true,"showVisualEffectGraphs":true,"m_FxEnabled":true},"in2DMode":false,"pivot":{"x":-0.010751582682132721,"y":0.01890532672405243,"z":-0.00497986376285553},"rotation":{"x":-0.11525233834981919,"y":0.8519880175590515,"z":-0.20991858839988709,"w":-0.4657530188560486},"size":0.4304860532283783,"orthographic":true}