{"cameraMode":{"drawMode":0,"name":"Shaded","section":"Shading Mode"},"sceneLighting":false,"audioPlay":false,"sceneViewState":{"m_AlwaysRefresh":false,"showFog":true,"showSkybox":false,"showFlares":true,"showImageEffects":true,"showParticleSystems":true,"showVisualEffectGraphs":true,"m_FxEnabled":true},"in2DMode":false,"pivot":{"x":-1.4901161193847657e-8,"y":0.014457473531365395,"z":-3.725290298461914e-9},"rotation":{"x":-0.1090458557009697,"y":0.8896591663360596,"z":-0.33828604221343996,"w":-0.2872501313686371},"size":0.044221553951501849,"orthographic":true}