{"cameraMode":{"drawMode":0,"name":"Shaded","section":"Shading Mode"},"sceneLighting":false,"audioPlay":false,"sceneViewState":{"m_AlwaysRefresh":false,"showFog":true,"showSkybox":false,"showFlares":true,"showImageEffects":true,"showParticleSystems":true,"showVisualEffectGraphs":true,"m_FxEnabled":true},"in2DMode":false,"pivot":{"x":-1.6484929323196412,"y":1.3311278820037842,"z":-24.470436096191408},"rotation":{"x":0.0003502012405078858,"y":1.0000802278518677,"z":-0.0018118538428097964,"w":-0.015318396501243115},"size":0.6254113912582398,"orthographic":true}