{"cameraMode":{"drawMode":0,"name":"Shaded","section":"Shading Mode"},"sceneLighting":false,"audioPlay":false,"sceneViewState":{"m_AlwaysRefresh":false,"showFog":true,"showSkybox":false,"showFlares":true,"showImageEffects":true,"showParticleSystems":true,"showVisualEffectGraphs":true,"m_FxEnabled":true},"in2DMode":false,"pivot":{"x":-1.3450286388397217,"y":7.010265350341797,"z":-1.3899999856948853},"rotation":{"x":0.34339794516563418,"y":-0.15575110912322999,"z":0.05898356810212135,"w":0.9245562553405762},"size":1.6521910429000855,"orthographic":true}