{"cameraMode":{"drawMode":0,"name":"Shaded","section":"Shading Mode"},"sceneLighting":false,"audioPlay":false,"sceneViewState":{"m_AlwaysRefresh":false,"showFog":true,"showSkybox":false,"showFlares":true,"showImageEffects":true,"showParticleSystems":true,"showVisualEffectGraphs":true,"m_FxEnabled":true},"in2DMode":false,"pivot":{"x":3.0820000171661379,"y":6.453000068664551,"z":-0.7170000076293945},"rotation":{"x":0.07483258843421936,"y":0.9245560765266419,"z":-0.28772950172424319,"w":0.23913908004760743},"size":0.8660253882408142,"orthographic":true}