{"cameraMode":{"drawMode":0,"name":"Shaded","section":"Shading Mode"},"sceneLighting":false,"audioPlay":false,"sceneViewState":{"m_AlwaysRefresh":false,"showFog":true,"showSkybox":false,"showFlares":true,"showImageEffects":true,"showParticleSystems":true,"showVisualEffectGraphs":true,"m_FxEnabled":true},"in2DMode":false,"pivot":{"x":0.5285000205039978,"y":0.07999999821186066,"z":0.20010000467300416},"rotation":{"x":0.16954384744167329,"y":0.8003659844398499,"z":-0.2648206353187561,"w":0.5108183026313782},"size":0.29999998211860659,"orthographic":true}