{"cameraMode":{"drawMode":0,"name":"Shaded","section":"Shading Mode"},"sceneLighting":false,"audioPlay":false,"sceneViewState":{"m_AlwaysRefresh":false,"showFog":true,"showSkybox":false,"showFlares":true,"showImageEffects":true,"showParticleSystems":true,"showVisualEffectGraphs":true,"m_FxEnabled":true},"in2DMode":false,"pivot":{"x":14.543999671936036,"y":1.3930000066757203,"z":13.972000122070313},"rotation":{"x":-0.12474893033504486,"y":-0.32034412026405337,"z":0.04293525964021683,"w":-0.9381424784660339},"size":0.23481698334217072,"orthographic":true}