{"cameraMode":{"drawMode":0,"name":"Shaded","section":"Shading Mode"},"sceneLighting":true,"audioPlay":false,"sceneViewState":{"m_AlwaysRefresh":false,"showFog":true,"showSkybox":true,"showFlares":true,"showImageEffects":true,"showParticleSystems":true,"showVisualEffectGraphs":true,"m_FxEnabled":true},"in2DMode":false,"pivot":{"x":-1.2799994945526124,"y":5.578936576843262,"z":-14.007810592651368},"rotation":{"x":0.33286094665527346,"y":-0.30630791187286379,"z":0.11644794046878815,"w":0.8844670653343201},"size":4.177271842956543,"orthographic":true}