{"cameraMode":{"drawMode":0,"name":"Shaded","section":"Shading Mode"},"sceneLighting":false,"audioPlay":false,"sceneViewState":{"m_AlwaysRefresh":false,"showFog":true,"showSkybox":false,"showFlares":true,"showImageEffects":true,"showParticleSystems":true,"showVisualEffectGraphs":true,"m_FxEnabled":true},"in2DMode":false,"pivot":{"x":15.331000328063965,"y":1.3880000114440919,"z":14.34000015258789},"rotation":{"x":-0.05616256222128868,"y":-0.19108879566192628,"z":0.011260533705353737,"w":-0.9799697995185852},"size":0.2802463471889496,"orthographic":true}