{"cameraMode":{"drawMode":0,"name":"Shaded","section":"Shading Mode"},"sceneLighting":false,"audioPlay":false,"sceneViewState":{"m_AlwaysRefresh":false,"showFog":true,"showSkybox":false,"showFlares":true,"showImageEffects":true,"showParticleSystems":true,"showVisualEffectGraphs":true,"m_FxEnabled":true},"in2DMode":false,"pivot":{"x":14.600000381469727,"y":1.4390000104904175,"z":14.744765281677246},"rotation":{"x":-0.12474893033504486,"y":-0.32034412026405337,"z":0.04293525964021683,"w":-0.9381424784660339},"size":0.32121163606643679,"orthographic":true}